Job Id;Start Time;End Time;Cluster Id;Compute Nodes;Ports;Locations
gromacs+54;0;10;2;[1200, 1201, 1202, 1203];[1, 2, 3, 4];local
resnet+28;300;720;2;[1200, 1201, 1202, 1203, 1204, 1205, 1206, 1207, 1208, 1209, 1210, 1211, 1212, 1213, 1214, 1215, 1216, 1217, 1218, 1219, 1220, 1221, 1222, 1223];[1, 2, 3, 4, 5, 6, 7, 8, 9, 10, 11, 12, 13, 14, 15, 16, 17, 18, 19, 20, 21, 22, 23, 24];local
gromacs+64;380;830;2;[1224, 1225, 1226, 1227, 1228, 1229, 1230];[25, 26, 27, 28, 29, 30, 31];local
resnet+75;610;950;2;[1231, 1232];[32, 33];local
resnet+87;660;2090;2;[1233, 1239, 1234, 1235, 1236, 1237, 1238, 1240, 1241, 1242, 1243, 1244, 1245, 1246, 1247, 1248, 1249];[34, 40, 35, 36, 37, 38, 39, 41, 42, 43, 44, 45, 46, 47, 48, 49, 50];local
resnet+108;780;950;2;[1200, 1201, 1202, 1203, 1204, 1205, 1206, 1207, 1208, 1209, 1210, 1211, 1212, 1213, 1214];[1, 2, 3, 4, 5, 6, 7, 8, 9, 10, 11, 12, 13, 14, 15];local
resnet+112;780;830;2;[1216, 1217, 1218, 1219, 1220, 1221, 1222, 1223, 1215];[17, 18, 19, 20, 21, 22, 23, 24, 16];local
gromacs+128;890;1390;2;[1216, 1215];[17, 16];local
resnet+136;890;2350;2;[1217, 1218, 1219, 1220, 1221, 1222, 1223, 1224, 1225, 1226, 1227];[18, 19, 20, 21, 22, 23, 24, 25, 26, 27, 28];local
gromacs+129;900;1410;2;[1228, 1229, 1230];[29, 30, 31];local
gromacs+1059;1010;1060;2;[1200];[1];local
gromacs+1061;1010;1070;2;[1201, 1202, 1203, 1204, 1205, 1206, 1207, 1208, 1209, 1210, 1211, 1212, 1213, 1214, 1231, 1232];[2, 3, 4, 5, 6, 7, 8, 9, 10, 11, 12, 13, 14, 15, 32, 33];global
gromacs+1431;1120;1540;2;[1200];[1];local
shufflenet+1569;1130;1190;2;[1201];[2];local
shufflenet+1571;1130;1150;2;[1202];[3];local
shufflenet+1573;1130;1550;2;[1203];[4];local
shufflenet+1576;1130;1270;2;[1204];[5];local
shufflenet+1578;1130;1250;2;[1205];[6];local
shufflenet+1583;1130;1680;2;[1206];[7];local
shufflenet+1588;1130;1390;2;[1207];[8];local
shufflenet+1590;1130;1670;2;[1208];[9];local
shufflenet+1593;1130;1320;2;[1209];[10];local
shufflenet+1595;1130;1480;2;[1210];[11];local
shufflenet+1602;1130;1150;2;[1211];[12];local
shufflenet+1607;1130;1170;2;[1212];[13];local
shufflenet+1611;1130;1140;2;[1213];[14];local
shufflenet+1614;1130;1580;2;[1214];[15];local
shufflenet+1617;1130;1570;2;[1231];[32];local
shufflenet+1621;1130;1140;2;[1232];[33];local
gromacs+2001;1240;1460;2;[1202, 1211, 1212, 1213, 1232];[3, 12, 13, 14, 33];global
gromacs+2002;1260;1270;2;[1201];[2];global
resnet+2008;1330;1350;2;[1201, 1204, 1205];[2, 5, 6];local
gromacs+2019;1410;1680;2;[1201, 1204, 1205, 1209];[2, 5, 6, 10];local
gromacs+2078;1480;1520;2;[1207, 1215, 1216, 1228, 1229, 1230];[8, 16, 17, 29, 30, 31];global
resnet+2079;1520;1720;2;[1202, 1211, 1212, 1213, 1232];[3, 12, 13, 14, 33];global
gromacs+2087;1540;1550;2;[1210];[11];global
resnet+2092;1580;1590;2;[1207, 1215, 1216, 1228, 1229, 1230];[8, 16, 17, 29, 30, 31];local
resnet+2215;1600;1610;2;[1200];[1];global
gromacs+2217;1610;1690;2;[1203, 1210];[4, 11];global
resnet+2228;1640;1690;2;[1214, 1231];[15, 32];global
gromacs+2229;1650;1680;2;[1207, 1215, 1216, 1228, 1229, 1230];[8, 16, 17, 29, 30, 31];global
gromacs+2309;1670;1680;2;[1200];[1];global
gromacs+2522;1730;1740;2;[1208];[9];global
resnet+1019;2700;4290;2;[1200, 1201, 1202, 1203, 1204, 1205, 1206, 1207, 1208, 1209, 1210, 1211, 1212, 1213, 1214, 1215, 1216, 1217, 1218, 1219, 1220, 1221, 1222, 1223, 1224, 1225, 1226, 1227, 1228, 1229, 1230, 1231, 1232, 1233, 1234, 1235, 1236, 1237, 1238, 1239, 1240];[1, 2, 3, 4, 5, 6, 7, 8, 9, 10, 11, 12, 13, 14, 15, 16, 17, 18, 19, 20, 21, 22, 23, 24, 25, 26, 27, 28, 29, 30, 31, 32, 33, 34, 35, 36, 37, 38, 39, 40, 41];local
gromacs+2003;2700;3270;2;[1241, 1242, 1243, 1244, 1245, 1246, 1247, 1248, 1249];[42, 43, 44, 45, 46, 47, 48, 49, 50];local
gromacs+2341;3330;3540;2;[1241, 1242, 1243, 1244, 1245, 1246, 1247, 1248, 1249];[42, 43, 44, 45, 46, 47, 48, 49, 50];local
resnet+2218;4500;4980;2;[1200, 1201, 1202, 1203, 1204, 1205, 1206, 1207, 1208, 1209, 1210, 1211, 1212, 1213, 1214, 1215, 1216, 1217, 1218, 1219, 1220, 1221, 1222, 1223, 1224, 1225, 1226, 1227, 1228, 1229, 1230, 1231, 1232, 1233, 1234, 1235, 1236, 1237, 1238, 1239, 1240, 1241, 1242, 1243, 1244, 1245, 1246, 1247, 1248, 1249];[1, 2, 3, 4, 5, 6, 7, 8, 9, 10, 11, 12, 13, 14, 15, 16, 17, 18, 19, 20, 21, 22, 23, 24, 25, 26, 27, 28, 29, 30, 31, 32, 33, 34, 35, 36, 37, 38, 39, 40, 41, 42, 43, 44, 45, 46, 47, 48, 49, 50];local
gromacs+2465;5040;5310;2;[1200, 1201, 1202, 1203, 1204, 1205, 1206, 1207, 1208, 1209, 1210, 1211, 1212, 1213, 1214, 1215, 1216, 1217, 1218, 1219, 1220, 1221, 1222, 1223, 1224, 1225, 1226, 1227, 1228, 1229, 1230, 1231, 1232, 1233, 1234, 1235, 1236, 1237, 1238, 1239, 1240, 1241, 1242, 1243, 1244, 1245, 1246, 1247, 1248, 1249];[1, 2, 3, 4, 5, 6, 7, 8, 9, 10, 11, 12, 13, 14, 15, 16, 17, 18, 19, 20, 21, 22, 23, 24, 25, 26, 27, 28, 29, 30, 31, 32, 33, 34, 35, 36, 37, 38, 39, 40, 41, 42, 43, 44, 45, 46, 47, 48, 49, 50];local
resnet+1008;5900;7910;2;[1200, 1201, 1202, 1203, 1204, 1205];[1, 2, 3, 4, 5, 6];local
resnet+1020;6300;40020;2;[1206, 1207, 1208, 1209, 1210, 1211, 1212, 1213, 1214, 1215, 1216, 1217, 1218, 1219, 1220, 1221, 1222, 1223, 1224, 1225, 1226, 1227, 1228, 1229, 1230, 1231, 1232, 1233, 1234, 1235, 1236, 1237, 1238, 1239, 1240, 1241, 1242, 1243, 1244, 1245, 1246, 1247, 1248, 1249];[7, 8, 9, 10, 11, 12, 13, 14, 15, 16, 17, 18, 19, 20, 21, 22, 23, 24, 25, 26, 27, 28, 29, 30, 31, 32, 33, 34, 35, 36, 37, 38, 39, 40, 41, 42, 43, 44, 45, 46, 47, 48, 49, 50];local
